mechanic_id,title,how,when_to_use,skills,governance_link
mx-fixed,Конкретное задание,"Один текст выдаётся многим как есть; результаты сравнимы между собой",Базовые упражнения; семинарская работа; калибровка уровня группы,,
mx-param,Параметрическая генерация,"Шаблон × пул из каталога дисциплины (компании, отрасли, технологии); вариант разрешается вручную, бронью или хэшем ника",Потоки с большим числом студентов; нужны непересекающиеся варианты,,§ 3 декомпозиция
mx-claim,Выбор из пула с бронью,"Студент берёт вариант из пула; занятый вариант помечается в issues.csv и недоступен в группе",Когда важна мотивация выбора; студенческие доклады,,
mx-relay,Эстафета по досье,"Следующий участник принимает досье и делает следующий шаг; задание вычисляется из стадии досье","Живые кейсы, которые меняются из года в год",sk-inherit,§ 3 пересборка/наследование; § 9
mx-delta,Актуализация (дельта),"«Что изменилось с версии vN»: новые события, устаревшие цифры, сломанные выводы",Досье не обновлялось семестр и дольше,sk-search;sk-analysis,§ 3 цифровой след
mx-redteam,Оппонирование,"Участник атакует модель предшественника; выживший вывод повышает зрелость досье","Модель собрана, но не проверялась",sk-critique,§ 6 архитектурное ревью («что сломается первым»)
mx-bet,Ставка с отложенной проверкой,"Прогноз с датой разрешения в bets.csv; разрешает другой участник позже; видна калибровка",Проверка суждения и ответственности за вывод,sk-bet,§ 0 ставка
mx-bounty,Доска пробелов,"Открытые вопросы досье (open-questions.md) с приоритетом становятся микро-заданиями на 1–2 занятия",Короткие индивидуальные задания; добор баллов; вход новичка,sk-search,architecture § 6 горизонт Н1
mx-crosspoll,Переопыление,"Модель, собранная на одном объекте, переносится на другой (компания → партнёр воркстрима)",Модель выдержала оппонирование,sk-model,§ 3 переопыление; § 6 большой воркшоп
mx-ai-mirror,Зеркало ИИ,"Студент получает ИИ-разбор (генерируется при выдаче) и ищет в нём ошибки по первоисточникам",Тренировка верификации; правило rules/ai-usage.md,sk-ai;sk-search,
mx-multirole,Одна тема — разные навыки,"Над одним досье одновременно работают аналитик, разработчик, организатор, «ставочник»; результаты стыкуются",Командные задания; смешанные потоки (econ-3 + bi-4),,§ 7 ролевая модель
mx-assembly,Сборка события,"Результат — проведённое событие (дебаты, интервью, воркшоп), а не текст о нём",Проверка организационных навыков,sk-org;sk-comm,§ 3 сборка условий
mx-contest,Соревнование,"Участники группы решают одну задачу по общим правилам; побеждает лучший по заранее объявленной измеримой метрике; правила и приз объявляются до старта, итоги — публичная таблица без ФИО и оценок",Навык проверяется на измеримой метрике; мотивация группы,,§ 4 классы решений (приз в виде оценки — C4)
