skill_id,title,what_it_is,evidence,related_role
sk-search,Поиск и верификация информации,"Найти первоисточник, проверить цифру, заметить расхождение источников","Источники первого уровня с датой обращения; расхождения названы и объяснён выбор",Аналитик поля
sk-analysis,Анализ и структурирование,"Разложить объект по рамке без пропусков и сделать выводы из данных","Все ячейки рамки заполнены или помечены пробелом; выводы следуют из данных",Архитектор модели
sk-model,Сборка модели,"Собрать связную модель: элементы, связи, допущения, критические точки","Схема/таблица модели; явные допущения; ответ на «что сломается первым»",Архитектор модели
sk-bet,Ставка и суждение,"Сделать проверяемый прогноз и взять за него ответственность","Прогноз с датой разрешения, признаком проверки и уверенностью; запись в bets.csv; позже — калибровка",Архитектор модели
sk-data,Работа с данными,"Собрать и обработать таблицу воспроизводимо","CSV по правилам репозитория; описание обработки; единицы в названиях столбцов",Аналитик поля
sk-dev,Разработка,"Сделать работающий прототип сервиса или визуализации","Код в репозитории, инструкция запуска, прототип запускается",Интегратор технологий
sk-org,Организация,"Собрать людей, событие или команду так, чтобы результат случился","Событие проведено; участники пришли; протокол и решения зафиксированы",Капитан;Связной с партнёром
sk-comm,Коммуникация,"Донести результат до внешнего читателя или слушателя","Доклад/текст понятен без автора; ответы на вопросы; материалы выложены",Капитан
sk-critique,Оппонирование,"Найти слабые места чужой модели и предложить проверки","Конкретные контрпримеры и проверки, а не общие оценки",Архитектор модели
sk-ai,Работа с ИИ,"Использовать ИИ-инструменты и проверять их результат","Указано, где и для чего использован ИИ; факты от ИИ проверены по первоисточнику",Интегратор технологий
sk-inherit,Наследование,"Принять пакет предшественника и передать пакет дальше","Ссылка на принятую версию досье; changelog; обновлённые open-questions для следующего",Капитан
sk-field,Работа в поле,"Получить знание из реальной среды: интервью, наблюдение, контакт с партнёром","Протокол интервью/наблюдения без персональных данных; выводы для модели",Аналитик поля;Связной с партнёром
sk-arch,Архитектура ИС и интеграции,"Описать систему как компоненты, потоки данных и интерфейсы; встроить решение в чужую систему или процесс","Схема компонентов и потоков данных; названы интерфейсы (API, форматы) и точка встраивания; решение воспроизводимо собирается",Интегратор технологий
sk-process,Моделирование процессов,"Описать процесс AS-IS/TO-BE в нотации и найти точку автоматизации или встраивания ИИ","Схема процесса (BPMN или аналог) с участниками, событиями и исключениями; названо, что автоматизируется и кто отвечает за исключения",Интегратор технологий
