template_id,title,kind,parent_template,type_id,mechanic_ids,skill_ids,discipline,block,scale,duration,parameters,dossier_id,entry_stage,brief,deliverable,acceptance,related_questions,status,file
tpl01,Разбор компании по трём укладам,param,,ty-case,mx-param;mx-claim,sk-analysis;sk-search,technologies-econ-fin,transition,индивид,2 занятия,company ← business-models.csv (bm01–bm13),,,"Определите, что компания реально производит (товар / смысл / рынок); разметьте по трём укладам и четырём срезам модели бизнеса (c07); сформулируйте ключевой переход (c19) и следующий ход","Markdown-разбор: таблица «уклад × 4 среза», ключевой переход, текущий уклад и следующий ход; список источников",Все ячейки заполнены или помечены пробелом; не менее 5 источников первого уровня с датой обращения; цифры со слайдов проверены или помечены «не подтверждено»,q17,черновик,templates/tpl01-company-three-uklads.md
tpl02,Отраслевая проекция укладов,param,,ty-report,mx-param,sk-analysis;sk-model,technologies-econ-fin,transition,индивид,одно занятие,industry ← industries.csv (ind01–ind15),,,"Разложите отрасль по трём укладам, дополните строку матрицы своими примерами и назовите следующий ход",Строка-дополнение к матрице отраслей + 1 страница обоснования,По каждому укладу не менее 2 примеров с источниками; следующий ход проверяем,q04,черновик,
tpl03,Технология × отрасль,param,,ty-research,mx-param,sk-search;sk-analysis,technologies-econ-fin,landscape,индивид;команда,3–4 занятия,tech ← technologies.csv (10) × industry ← industries.csv (15) = 150 вариантов,,,"Как технология меняет отрасль: какой уклад она подрывает, кто в отрасли уже делает ход, какие данные это подтверждают","Исследование: вопрос, данные (CSV), вывод; 5–7 страниц",Данные по правилам rules/data-collection.md; вывод следует из данных; назван хотя бы один игрок с источником,,черновик,
tpl04,Проверка цифр со слайдов,param,,ty-data,mx-bounty,sk-search;sk-data,technologies-econ-fin,,индивид,одно занятие,row ← строки каталога с пометкой «проверить» (business-models.csv — 7 строк; cases.csv — 6 строк),,,Проверьте каждую цифру строки каталога по первоисточнику,Таблица: цифра · статус (подтверждено / опровергнуто / не найдено) · источник · дата обращения; PR с правкой key_metrics,Каждая цифра имеет статус; источники первого уровня; расхождения источников названы,,черновик,
tpl05,Правило трёх доменов: проверка замысла,param,,ty-problem,mx-param,sk-model;sk-analysis,technologies-econ-fin,ai-business,индивид,одно занятие,company ← business-models.csv,,,Какие три домена комбинирует компания (домашний · транзитный · трансформируемый) и какой третий рынок она создаёт (m02)? Если трёх доменов нет — какого не хватает,Решение на 1–2 страницы со схемой доменов,Домены названы и подтверждены фактами с источниками; вывод о третьем рынке проверяем,,черновик,
tpl06,Ставка: следующий ход компании,param,,ty-bet,mx-bet,sk-bet;sk-analysis,technologies-econ-fin,ai-business,индивид,одно занятие,company ← business-models.csv или dossier_id,,,Сделайте ставку: какой ход сделает компания и к какой дате; как проверить; ваша уверенность,Строка в bets.csv + обоснование на 1 страницу,"Ставка проверяема (дата, признак); уверенность указана; обоснование опирается на модель",,черновик,templates/tpl06-bet.md
tpl07,Red Bull Stratos как хлопушка,fixed,,ty-case,mx-fixed,sk-analysis,technologies-econ-fin,transition,индивид,одно занятие,,,,"Разберите Red Bull Stratos (ca08) по модели «воронка · лейка · хлопушка» (c01): что было импульсом, какой радиус, какие осколки породили новых клиентов",Разбор на 1–2 страницы,Все три модели сопоставлены; осколки подтверждены фактами с источниками; цифры кейса проверены или помечены,q02,черновик,
tpl08,Зеркало ИИ: найди ошибки в разборе,param,,ty-review,mx-ai-mirror,sk-ai;sk-search,technologies-econ-fin,,индивид,одно занятие,object ← business-models.csv или cases.csv,,,"При выдаче генерируется ИИ-разбор объекта. Найдите в нём фактические ошибки, выдуманные цифры и подмены рамки",Разметка ИИ-разбора: утверждение · верно / неверно / не проверяемо · первоисточник,Не менее 10 утверждений проверено; каждая ошибка подтверждена первоисточником,,черновик,
tpl09,Дашборд досье,param,,ty-app,mx-multirole,sk-dev;sk-data,technologies-econ-fin,,индивид;команда,4–6 занятий,dossier ← dossiers/,,каркас,Сделайте визуализацию досье: хроника (timeline.csv) + модель по укладам; страница работает по file:// без сервера,HTML-страница + скрипт сборки + инструкция запуска,Страница собирается из CSV досье без ручных правок; показывает источники; запускается по инструкции,,черновик,
tpl10,Дебаты по кейсу,param,,ty-event,mx-assembly,sk-org;sk-comm,technologies-econ-fin,,команда,2–3 занятия,dossier ← dossiers/ или company ← business-models.csv,,модель,"Соберите дебаты по спорному тезису модели: две стороны, модератор, жюри; итог — какой тезис выжил",Проведённое событие + протокол в meetings/ + правка модели досье,Событие состоялось; протокол без персональных данных; изменение модели зафиксировано в changelog досье,,черновик,
tpl11,Оппонирование модели,relay,,ty-review,mx-redteam;mx-relay,sk-critique,technologies-econ-fin,,индивид,одно занятие,dossier ← dossiers/,,модель,"Атакуйте текущую версию модели досье: что сломается первым, какие выводы держатся на одном источнике, какие контрпримеры есть",Рецензия + пункты в open-questions.md досье,Не менее 3 конкретных уязвимостей с проверками; ссылки на версию модели,,черновик,
tpl12,Актуализация досье,relay,,ty-research,mx-delta;mx-relay,sk-search;sk-inherit,technologies-econ-fin,,индивид,2 занятия,dossier ← dossiers/,,модель;устарело,"Что изменилось с последней версии досье: новые события, устаревшие цифры, выводы, которые перестали работать","PR в досье: новые строки timeline.csv, правки model.md, запись в changelog.md","Каждое изменение с источником и датой; changelog объясняет, что поменялось в модели",,черновик,
tpl13,Микро-задание с доски пробелов,relay,,ty-data,mx-bounty;mx-relay,sk-search,technologies-econ-fin,,индивид,1–2 занятия,gap ← open-questions.md досье,,любая,Закройте один пробел из open-questions.md досье,PR в досье: закрытый пробел + источники,"Пробел закрыт или честно помечен «не найдено, и вот где искали»",,черновик,
tpl14,Разрешение ставки,relay,,ty-review,mx-bet;mx-relay,sk-search;sk-bet,technologies-econ-fin,,индивид,одно занятие,bet ← bets.csv (resolve_by прошла),,любая,"Разрешите ставку предшественника: сбылось или нет, по какому признаку, почему модель ошиблась или угадала",Заполненные поля outcome и resolution_link в bets.csv + вывод для модели досье,Исход подтверждён источником; вывод для модели записан в changelog,,черновик,
tpl15,Переопыление модели,relay,,ty-model,mx-crosspoll;mx-relay,sk-model,technologies-econ-fin,,индивид;команда,2–4 занятия,dossier ← dossiers/ × target ← партнёр воркстрима (workstreams/),,кейс,"Перенесите модель досье на партнёра воркстрима: что переносится, что нет, какой ход это подсказывает партнёру",Модель-перенос + заметка в карточке воркстрима (переопыление),Перенос обоснован; различия объектов названы; есть проверяемое предложение хода,,черновик,
rb-01,Red Bull: каркас и хроника,relay,tpl04,ty-data,mx-relay;mx-bounty,sk-search;sk-data,technologies-econ-fin,ai-business,индивид,2 занятия,,red-bull,зерно,Проверьте цифры bm01 и ca08 по первоисточникам и соберите хронику ключевых трансформаций компании с источниками,"PR в dossiers/red-bull: timeline.csv, sources.csv, статусы цифр в model.md",Не менее 10 событий хроники с источником и датой обращения; каждая цифра каталога имеет статус,q17,черновик,dossiers/red-bull/README.md
rb-02,Red Bull: бизнес-модель по трём укладам,relay,tpl01,ty-model,mx-relay,sk-search;sk-analysis;sk-model,technologies-econ-fin,ai-business,индивид;команда,2–3 занятия,,red-bull,зерно;каркас,"Превратите тезисы слайдов курса в проверенную модель: статус каждого тезиса по первоисточнику, хроника, три уклада × четыре среза, проверка формулы «напиток → медиа → бренд», ключевой переход и три домена (m02), дельта с момента слайдов","PR в dossiers/red-bull: model.md v1, timeline.csv (≥10 событий), sources.csv, разбор на 3–5 страниц в contributions/",Каждый тезис слайдов имеет статус; у цифр источник и дата обращения; все ячейки заполнены или помечены пробелом; расхождения источников названы; доска пробелов обновлена,q17,активно,templates/rb-02-red-bull-business-model.md
rb-03,Red Bull: актуализация,relay,tpl12,ty-research,mx-delta;mx-relay,sk-search;sk-inherit,technologies-econ-fin,ai-business,индивид,2 занятия,,red-bull,модель;устарело,Что изменилось в Red Bull с даты последней версии досье и что это значит для модели,PR: новые строки хроники + changelog + правки модели,Как у tpl12,,черновик,dossiers/red-bull/README.md
rb-04,Red Bull: оппонирование модели,relay,tpl11,ty-review,mx-redteam;mx-relay,sk-critique,technologies-econ-fin,ai-business,индивид,одно занятие,,red-bull,модель,Атакуйте тезис «Red Bull — уровень 3 (хлопушка)»: где компания остаётся индустриальной или информационной,Рецензия + пункты в open-questions.md,Как у tpl11,,черновик,dossiers/red-bull/README.md
rb-05,Red Bull: ставка «следующая хлопушка»,relay,tpl06,ty-bet,mx-bet;mx-relay,sk-bet,technologies-econ-fin,ai-business,индивид,одно занятие,,red-bull,модель,"Какое событие-хлопушку Red Bull сделает следующим, в каком домене и к какой дате",Строка в bets.csv + обоснование,Как у tpl06,,черновик,dossiers/red-bull/README.md
rb-06,Red Bull → спортивный партнёр: переопыление,relay,tpl15,ty-model,mx-crosspoll;mx-relay,sk-model,technologies-econ-fin,ai-business,команда,2–4 занятия,target ← sport-spb · phygital-sport · sport-engagement,red-bull,кейс,"Какие механики Red Bull переносятся на партнёра спортивного воркстрима, а какие нет",Модель-перенос + заметка о переопылении в карточке воркстрима,Как у tpl15,,черновик,dossiers/red-bull/README.md
rb-07,Red Bull: дашборд хроники,relay,tpl09,ty-app,mx-multirole;mx-relay,sk-dev;sk-data,technologies-econ-fin,ai-business,индивид;команда,4–6 занятий,,red-bull,каркас,Визуализация хроники и модели Red Bull из CSV досье (естественное задание для bi-4),HTML-страница + скрипт сборки,Как у tpl09,,черновик,dossiers/red-bull/README.md
