type_id,title,result_form,description,typical_scale,typical_duration
ty-report,Аналитический доклад,отчёт,"Структурированный разбор темы или объекта с выводами и источниками; письменный текст + устное выступление",индивид;команда,1–3 занятия
ty-case,Разбор кейса,отчёт,"Разбор компании/события по заданной рамке (три уклада, хлопушка, три домена) с ключевым переходом",индивид;команда,1–2 занятия
ty-research,Исследование,исследование,"Постановка вопроса, сбор открытых данных с источниками, проверка гипотезы; результат — данные + вывод",индивид;команда,3–6 занятий
ty-data,Набор данных,данные,"Таблица по правилам rules/data-collection.md: сырые данные в data/raw/, обработанные в data/processed/, описание и источники",индивид,1–3 занятия
ty-model,Модель,модель,"Экономическая / организационная / финансовая модель: элементы, связи, допущения, «что сломается первым»",команда,2–6 занятий
ty-problem,Решение задачи,отчёт,"Задача с проверяемым ответом или обоснованным решением (расчёт, выбор хода, проверка замысла рамкой)",индивид,одно занятие
ty-app,Приложение / сервис / прототип,приложение,"Работающий прототип (дашборд, бот, сервис, визуализация) над данными досье или воркстрима; запускается по инструкции",индивид;команда,3–8 занятий
ty-bet,Ставка,модель,"Проверяемый прогноз: что произойдёт, к какой дате, по какому признаку проверить, уверенность в процентах; регистрируется в bets.csv",индивид,одно занятие
ty-event,Событие,событие,"Проведённое событие: дебаты, круглый стол, интервью с практиком, воркшоп; результат — протокол и итоги",команда,2–4 занятия
ty-review,Рецензия / оппонирование,отчёт,"Критический разбор чужой модели или работы: слабые места, контрпримеры, предложенные проверки",индивид,одно занятие
ty-talk,Доклад на занятии,активность,"Выступление 7–15 минут по теме с материалами; тема фиксируется в tracks/<трек>/<семестр>/talks.md",индивид;команда,одно занятие
ty-coursework,Курсовая работа,отчёт,"Курсовая по формальным требованиям программы: цель, задачи, метод, результат, выводы, источники; сдаётся по вузовскому порядку",индивид,семестр
