group_id,admission_year,course,specialty,semester_id,subject_ids,track_id,source,note
24.Б07-э,2024,3,Экономика,2026-fall,pitef,econ-3,timetable-2026-fall,специальность — по треку econ-3; в расписании не указана
24.Б08-э,2024,3,Экономика,2026-fall,pitef,econ-3,timetable-2026-fall,специальность — по треку econ-3; в расписании не указана
24.Б09-э,2024,3,Экономика,2026-fall,pitef,econ-3,timetable-2026-fall,специальность — по треку econ-3; в расписании не указана
24.Б10-э,2024,3,Экономика,2026-fall,pitef,econ-3,timetable-2026-fall,специальность — по треку econ-3; в расписании не указана
24.Б11-э,2024,3,Экономика,2026-fall,pitef,econ-3,timetable-2026-fall,специальность — по треку econ-3; в расписании не указана
24.Б12-э,2024,3,Экономика,2026-fall,pitef,econ-3,timetable-2026-fall,специальность — по треку econ-3; в расписании не указана
24.Б13-э,2024,3,Экономика,2026-fall,pitef,econ-3,timetable-2026-fall,специальность — по треку econ-3; в расписании не указана
24.Б14-э,2024,3,Экономика,2026-fall,pitef,econ-3,timetable-2026-fall,специальность — по треку econ-3; в расписании не указана
26.Б01-э,2026,1,,2026-fall,vbi,,timetable-2026-fall,специальность уточнить
26.Б02-э,2026,1,,2026-fall,vbi,,timetable-2026-fall,специальность уточнить
26.Б03-э,2026,1,,2026-fall,vbi,,timetable-2026-fall,специальность уточнить
26.Б04-э,2026,1,,2026-fall,vbi,,timetable-2026-fall,специальность уточнить
