date,time_start,time_end,subject_id,lesson_type,format,address,room,group_ids,source
2026-09-17,09:00,10:30,pitef,практическое занятие,очно,"Таврическая улица, д. 21-23-25, лит. А",93,24.Б07-э;24.Б08-э;24.Б09-э;24.Б10-э,timetable-2026-fall
2026-09-17,10:45,12:15,pitef,практическое занятие,очно,"Таврическая улица, д. 21-23-25, лит. А",93,24.Б11-э;24.Б12-э;24.Б13-э;24.Б14-э,timetable-2026-fall
2026-09-18,,,bi4,,,,,,owner-2026-10-09
2026-09-24,09:00,10:30,pitef,практическое занятие,очно,"Таврическая улица, д. 21-23-25, лит. А",93,24.Б07-э;24.Б08-э;24.Б09-э;24.Б10-э,timetable-2026-fall
2026-09-24,10:45,12:15,pitef,практическое занятие,очно,"Таврическая улица, д. 21-23-25, лит. А",93,24.Б11-э;24.Б12-э;24.Б13-э;24.Б14-э,timetable-2026-fall
2026-09-25,,,bi4,,,,,,owner-2026-10-09
2026-10-01,09:00,10:30,pitef,практическое занятие,очно,"Таврическая улица, д. 21-23-25, лит. А",93,24.Б07-э;24.Б08-э;24.Б09-э;24.Б10-э,timetable-2026-fall
2026-10-01,10:45,12:15,pitef,практическое занятие,очно,"Таврическая улица, д. 21-23-25, лит. А",93,24.Б11-э;24.Б12-э;24.Б13-э;24.Б14-э,timetable-2026-fall
2026-10-08,09:00,10:30,pitef,практическое занятие,очно,"Таврическая улица, д. 21-23-25, лит. А",93,24.Б07-э;24.Б08-э;24.Б09-э;24.Б10-э,timetable-2026-fall
2026-10-08,10:45,12:15,pitef,практическое занятие,очно,"Таврическая улица, д. 21-23-25, лит. А",93,24.Б11-э;24.Б12-э;24.Б13-э;24.Б14-э,timetable-2026-fall
2026-10-15,09:00,10:30,pitef,практическое занятие,очно,"Таврическая улица, д. 21-23-25, лит. А",93,24.Б07-э;24.Б08-э;24.Б09-э;24.Б10-э,timetable-2026-fall
2026-10-15,10:45,12:15,pitef,практическое занятие,очно,"Таврическая улица, д. 21-23-25, лит. А",93,24.Б11-э;24.Б12-э;24.Б13-э;24.Б14-э,timetable-2026-fall
2026-10-17,09:00,10:30,pitef,практическое занятие,очно,"Таврическая улица, д. 21-23-25, лит. А",94,24.Б07-э;24.Б08-э;24.Б09-э;24.Б10-э,timetable-2026-fall
2026-10-17,10:45,12:15,pitef,практическое занятие,очно,"Таврическая улица, д. 21-23-25, лит. А",94,24.Б07-э;24.Б08-э;24.Б09-э;24.Б10-э,timetable-2026-fall
2026-10-22,09:00,10:30,pitef,практическое занятие,очно,"Таврическая улица, д. 21-23-25, лит. А",93,24.Б07-э;24.Б08-э;24.Б09-э;24.Б10-э,timetable-2026-fall
2026-10-22,10:45,12:15,pitef,практическое занятие,очно,"Таврическая улица, д. 21-23-25, лит. А",93,24.Б11-э;24.Б12-э;24.Б13-э;24.Б14-э,timetable-2026-fall
2026-10-23,13:15,14:45,vbi,практическое занятие,очно,"Чайковского улица, д. 62, лит. А",315,26.Б04-э,timetable-2026-fall
2026-10-23,15:00,16:30,vbi,практическое занятие,очно,"Чайковского улица, д. 62, лит. А",315,26.Б02-э,timetable-2026-fall
2026-10-24,09:00,10:30,pitef,практическое занятие,очно,"Таврическая улица, д. 21-23-25, лит. А",94,24.Б11-э;24.Б12-э;24.Б13-э;24.Б14-э,timetable-2026-fall
2026-10-24,10:45,12:15,pitef,практическое занятие,очно,"Таврическая улица, д. 21-23-25, лит. А",94,24.Б11-э;24.Б12-э;24.Б13-э;24.Б14-э,timetable-2026-fall
2026-10-26,19:00,20:30,pitef,самостоятельная работа в присутствии преподавателя,онлайн (ИКТ),,,24.Б07-э;24.Б08-э;24.Б09-э;24.Б10-э,timetable-2026-fall
2026-10-28,15:15,16:45,vbi,практическое занятие,очно,"Таврическая улица, д. 21-23-25, лит. А",36,26.Б03-э,timetable-2026-fall
2026-10-30,13:15,14:45,vbi,практическое занятие,очно,"Чайковского улица, д. 62, лит. А",315,26.Б04-э,timetable-2026-fall
2026-10-30,15:00,16:30,vbi,практическое занятие,очно,"Чайковского улица, д. 62, лит. А",315,26.Б02-э,timetable-2026-fall
2026-10-30,19:00,20:30,pitef,самостоятельная работа в присутствии преподавателя,онлайн (ИКТ),,,24.Б11-э;24.Б12-э;24.Б13-э;24.Б14-э,timetable-2026-fall
2026-11-09,19:00,20:30,pitef,самостоятельная работа в присутствии преподавателя,онлайн (ИКТ),,,24.Б07-э;24.Б08-э;24.Б09-э;24.Б10-э,timetable-2026-fall
2026-11-11,15:15,16:45,vbi,практическое занятие,очно,"Таврическая улица, д. 21-23-25, лит. А",36,26.Б01-э,timetable-2026-fall
2026-11-13,19:00,20:30,pitef,самостоятельная работа в присутствии преподавателя,онлайн (ИКТ),,,24.Б11-э;24.Б12-э;24.Б13-э;24.Б14-э,timetable-2026-fall
2026-11-18,15:15,16:45,vbi,практическое занятие,очно,"Таврическая улица, д. 21-23-25, лит. А",36,26.Б03-э,timetable-2026-fall
2026-11-23,19:00,20:30,pitef,самостоятельная работа в присутствии преподавателя,онлайн (ИКТ),,,24.Б07-э;24.Б08-э;24.Б09-э;24.Б10-э,timetable-2026-fall
2026-11-25,15:15,16:45,vbi,практическое занятие,очно,"Таврическая улица, д. 21-23-25, лит. А",36,26.Б01-э,timetable-2026-fall
2026-11-27,19:00,20:30,pitef,самостоятельная работа в присутствии преподавателя,онлайн (ИКТ),,,24.Б11-э;24.Б12-э;24.Б13-э;24.Б14-э,timetable-2026-fall
2026-12-07,19:00,20:30,pitef,самостоятельная работа в присутствии преподавателя,онлайн (ИКТ),,,24.Б07-э;24.Б08-э;24.Б09-э;24.Б10-э,timetable-2026-fall
2026-12-11,19:00,20:30,pitef,самостоятельная работа в присутствии преподавателя,онлайн (ИКТ),,,24.Б11-э;24.Б12-э;24.Б13-э;24.Б14-э,timetable-2026-fall
