event_id,event_date,event,uklad,mechanic,concept_ids,source_id,source_url,accessed,added_by,status
rb-e01,,Red Bull Stratos: рекорды высоты и скорости свободного падения (5 лет подготовки),постинформационный,хлопушка,c01;c19;c23,s-slides,,2026-09-30,catalog,не проверено — нужна дата и первоисточник
rb-e02,,Владение футбольными клубами RB Leipzig и RB Salzburg,информационный,,m02,s-slides,,2026-09-30,catalog,не проверено — нужны даты входа и первоисточник
rb-e03,,Собственная команда Формулы-1,информационный,,m02,s-slides,,2026-09-30,catalog,не проверено — нужна дата и первоисточник
rb-e04,,Медиа: Red Bull TV,информационный,лейка,,s-slides,,2026-09-30,catalog,не проверено — нужна дата запуска и первоисточник
rb-e05,,Медиа: собственная студия звукозаписи,информационный,лейка,,s-slides,,2026-09-30,catalog,не проверено — нужны дата и первоисточник
rb-e06,,Собственный формат: Red Bull BC One (брейк-данс),постинформационный,,c23,s-slides,,2026-09-30,catalog,не проверено — нужна дата первого соревнования и первоисточник
rb-e07,,Собственный формат: соревнования по клифф-дайвингу,постинформационный,,c23,s-slides,,2026-09-30,catalog,не проверено — нужны дата и первоисточник
rb-e08,,Собственные форматы в байк-спорте,постинформационный,,c23,s-slides,,2026-09-30,catalog,не проверено — какие именно соревнования
rb-e09,,Разрывное событие: Red Bull Flugtag,постинформационный,хлопушка,c01,s-slides,,2026-09-30,catalog,не проверено — нужны дата первого события и первоисточник
