node_id,title,kind,threads,state,sign,barrier,holder,opened,updated,trace,note
b1,Нет открытой модели рынка корп. страхования,барьер,стенд; открытая статистика,завязан,от инверта,b1,куратор стенда (заполнить),2026-10-08,2026-10-09,README.md#барьеры,
b2,Embedded непонятен как архитектура,барьер,стенд; платформы,завязан,от инверта,b2,куратор стенда (заполнить),2026-10-08,2026-10-09,README.md#барьеры,
b3,Нет экономики продукта для гипотез ниш,барьер,стенд,завязан,от инверта,b3,куратор стенда (заполнить),2026-10-08,2026-10-09,README.md#барьеры,
b4,Онлайн-канал конфликтует с агентской сетью,барьер,страховщик; агенты,завязан,от инверта,b4,куратор стенда (заполнить),2026-10-08,2026-10-09,README.md#барьеры,
b5,Киберриск не превращается в покупку,барьер,клиент; страховщик,завязан,от инверта,b5,куратор стенда (заполнить),2026-10-08,2026-10-09,README.md#барьеры,
b6,Нет моста к партнёру и платформам,барьер,Ингосстрах; стенд,завязан,от инверта,b6,куратор стенда (заполнить),2026-10-08,2026-10-09,README.md#барьеры,
n01,Ингосстрах сформулировал три темы для мастерской,договорённость,Ингосстрах; мастерская ЭФ,завязан,к инверту,b6,мастер,2026-09-18,2026-10-09,../../partners/ingosstrakh/README.md,
n02,Нет шерпы и куратора стенда,барьер,воркстрим insurance,завязан,от инверта,,мастер,2026-09-18,2026-10-09,../../workstreams/insurance/README.md,в карточке воркстрима — «уточнить»
n03,Лекция и демо с экспертом Ингосстраха — мост стенда,событие,Ингосстрах; команды econ-3,цель,к инверту,b1;b5;b6,мастер,2026-09-18,2026-10-09,../../program/calendar.md,22.10.2026 — кандидат; не подтверждено
n04,Выбор 1–2 фокусов вместе с партнёром,решение,Ингосстрах; мастер,цель,к инверту,b6,мастер,2026-09-18,2026-10-09,../../partners/ingosstrakh/README.md,класс решения C3
n05,Данные партнёра уровней D1 и D4,договорённость,Ингосстрах; стенд,цель,к инверту,b1;b3,связной с Ингосстрахом (заполнить),2026-10-08,2026-10-09,../engagement.md,D1 — где смотреть открытые данные; D4 — схема данных андеррайтинга без значений
n06,Переопыление с ai-environment: риски ИИ-агентов,связь,стенд; воркстрим ai-environment,цель,к инверту,b5,куратор стенда (заполнить),2026-09-18,2026-10-09,../../partners/ingosstrakh/README.md,
n07,Ставка: объём премий по киберстрахованию за 2026 г.,ставка,участники (ники); статистика регулятора,цель,неясно,b5,преподаватель на занятии,2026-10-08,2026-10-09,README.md#реестр-ставок,разрешается годовой статистикой
